timestamp,"{""InfraID"":""Edge-Pi4"",""device"":""mmcblk0"",""instance"":""129.127.230.61:9100"",""job"":""node"",""label"":""Disk Write Rate (Bytes/Sec)""}","{""InfraID"":""Edge-Pi4"",""device"":""mmcblk0"",""instance"":""129.127.231.125:9100"",""job"":""node"",""label"":""Disk Write Rate (Bytes/Sec)""}","{""InfraID"":""Edge-Pi4"",""device"":""mmcblk0"",""instance"":""129.127.231.162:9100"",""job"":""node"",""label"":""Disk Write Rate (Bytes/Sec)""}","{""InfraID"":""Edge-Pi4"",""device"":""mmcblk0p1"",""instance"":""129.127.230.61:9100"",""job"":""node"",""label"":""Disk Write Rate (Bytes/Sec)""}","{""InfraID"":""Edge-Pi4"",""device"":""mmcblk0p1"",""instance"":""129.127.231.125:9100"",""job"":""node"",""label"":""Disk Write Rate (Bytes/Sec)""}","{""InfraID"":""Edge-Pi4"",""device"":""mmcblk0p1"",""instance"":""129.127.231.162:9100"",""job"":""node"",""label"":""Disk Write Rate (Bytes/Sec)""}","{""InfraID"":""Edge-Pi4"",""device"":""mmcblk0p2"",""instance"":""129.127.230.61:9100"",""job"":""node"",""label"":""Disk Write Rate (Bytes/Sec)""}","{""InfraID"":""Edge-Pi4"",""device"":""mmcblk0p2"",""instance"":""129.127.231.125:9100"",""job"":""node"",""label"":""Disk Write Rate (Bytes/Sec)""}","{""InfraID"":""Edge-Pi4"",""device"":""mmcblk0p2"",""instance"":""129.127.231.162:9100"",""job"":""node"",""label"":""Disk Write Rate (Bytes/Sec)""}","{""InfraID"":""Edge-Pi4"",""device"":""nvme0n1"",""instance"":""129.127.231.53:9100"",""job"":""node"",""label"":""Disk Write Rate (Bytes/Sec)""}","{""InfraID"":""Edge-Pi4"",""device"":""mmcblk0"",""instance"":""129.127.230.61:9100"",""job"":""node"",""label"":""Disk Read Rate (Bytes/Sec)""}","{""InfraID"":""Edge-Pi4"",""device"":""mmcblk0"",""instance"":""129.127.231.125:9100"",""job"":""node"",""label"":""Disk Read Rate (Bytes/Sec)""}","{""InfraID"":""Edge-Pi4"",""device"":""mmcblk0"",""instance"":""129.127.231.162:9100"",""job"":""node"",""label"":""Disk Read Rate (Bytes/Sec)""}","{""InfraID"":""Edge-Pi4"",""device"":""mmcblk0p1"",""instance"":""129.127.230.61:9100"",""job"":""node"",""label"":""Disk Read Rate (Bytes/Sec)""}","{""InfraID"":""Edge-Pi4"",""device"":""mmcblk0p1"",""instance"":""129.127.231.125:9100"",""job"":""node"",""label"":""Disk Read Rate (Bytes/Sec)""}","{""InfraID"":""Edge-Pi4"",""device"":""mmcblk0p1"",""instance"":""129.127.231.162:9100"",""job"":""node"",""label"":""Disk Read Rate (Bytes/Sec)""}","{""InfraID"":""Edge-Pi4"",""device"":""mmcblk0p2"",""instance"":""129.127.230.61:9100"",""job"":""node"",""label"":""Disk Read Rate (Bytes/Sec)""}","{""InfraID"":""Edge-Pi4"",""device"":""mmcblk0p2"",""instance"":""129.127.231.125:9100"",""job"":""node"",""label"":""Disk Read Rate (Bytes/Sec)""}","{""InfraID"":""Edge-Pi4"",""device"":""mmcblk0p2"",""instance"":""129.127.231.162:9100"",""job"":""node"",""label"":""Disk Read Rate (Bytes/Sec)""}","{""InfraID"":""Edge-Pi4"",""device"":""nvme0n1"",""instance"":""129.127.231.53:9100"",""job"":""node"",""label"":""Disk Read Rate (Bytes/Sec)""}","{""InfraID"":""Edge-Pi4"",""instance"":""129.127.230.61:9100"",""job"":""node"",""label"":""Free Memory Percentage""}","{""InfraID"":""Edge-Pi4"",""instance"":""129.127.231.125:9100"",""job"":""node"",""label"":""Free Memory Percentage""}","{""InfraID"":""Edge-Pi4"",""instance"":""129.127.231.162:9100"",""job"":""node"",""label"":""Free Memory Percentage""}","{""InfraID"":""Edge-Pi4"",""instance"":""129.127.231.168:9100"",""job"":""node"",""label"":""Free Memory Percentage""}","{""InfraID"":""Edge-Pi4"",""instance"":""129.127.231.53:9100"",""job"":""node"",""label"":""Free Memory Percentage""}","{""InfraID"":""Edge-Pi4"",""device"":""docker0"",""instance"":""129.127.230.61:9100"",""job"":""node"",""label"":""Network Receive Rate (Bytes/Sec)""}","{""InfraID"":""Edge-Pi4"",""device"":""docker0"",""instance"":""129.127.231.125:9100"",""job"":""node"",""label"":""Network Receive Rate (Bytes/Sec)""}","{""InfraID"":""Edge-Pi4"",""device"":""docker0"",""instance"":""129.127.231.162:9100"",""job"":""node"",""label"":""Network Receive Rate (Bytes/Sec)""}","{""InfraID"":""Edge-Pi4"",""device"":""docker0"",""instance"":""129.127.231.53:9100"",""job"":""node"",""label"":""Network Receive Rate (Bytes/Sec)""}","{""InfraID"":""Edge-Pi4"",""device"":""eno1"",""instance"":""129.127.231.53:9100"",""job"":""node"",""label"":""Network Receive Rate (Bytes/Sec)""}","{""InfraID"":""Edge-Pi4"",""device"":""enp5s0"",""instance"":""129.127.231.53:9100"",""job"":""node"",""label"":""Network Receive Rate (Bytes/Sec)""}","{""InfraID"":""Edge-Pi4"",""device"":""eth0"",""instance"":""129.127.230.61:9100"",""job"":""node"",""label"":""Network Receive Rate (Bytes/Sec)""}","{""InfraID"":""Edge-Pi4"",""device"":""eth0"",""instance"":""129.127.231.125:9100"",""job"":""node"",""label"":""Network Receive Rate (Bytes/Sec)""}","{""InfraID"":""Edge-Pi4"",""device"":""eth0"",""instance"":""129.127.231.162:9100"",""job"":""node"",""label"":""Network Receive Rate (Bytes/Sec)""}","{""InfraID"":""Edge-Pi4"",""device"":""lo"",""instance"":""129.127.230.61:9100"",""job"":""node"",""label"":""Network Receive Rate (Bytes/Sec)""}","{""InfraID"":""Edge-Pi4"",""device"":""lo"",""instance"":""129.127.231.125:9100"",""job"":""node"",""label"":""Network Receive Rate (Bytes/Sec)""}","{""InfraID"":""Edge-Pi4"",""device"":""lo"",""instance"":""129.127.231.162:9100"",""job"":""node"",""label"":""Network Receive Rate (Bytes/Sec)""}","{""InfraID"":""Edge-Pi4"",""device"":""lo"",""instance"":""129.127.231.53:9100"",""job"":""node"",""label"":""Network Receive Rate (Bytes/Sec)""}","{""InfraID"":""Edge-Pi4"",""device"":""wlan0"",""instance"":""129.127.230.61:9100"",""job"":""node"",""label"":""Network Receive Rate (Bytes/Sec)""}","{""InfraID"":""Edge-Pi4"",""device"":""wlan0"",""instance"":""129.127.231.125:9100"",""job"":""node"",""label"":""Network Receive Rate (Bytes/Sec)""}","{""InfraID"":""Edge-Pi4"",""device"":""wlan0"",""instance"":""129.127.231.162:9100"",""job"":""node"",""label"":""Network Receive Rate (Bytes/Sec)""}","{""InfraID"":""Edge-Pi4"",""device"":""wlp6s0"",""instance"":""129.127.231.53:9100"",""job"":""node"",""label"":""Network Receive Rate (Bytes/Sec)""}","{""InfraID"":""Edge-Pi4"",""device"":""docker0"",""instance"":""129.127.230.61:9100"",""job"":""node"",""label"":""Network Send Rate (Bytes/Sec)""}","{""InfraID"":""Edge-Pi4"",""device"":""docker0"",""instance"":""129.127.231.125:9100"",""job"":""node"",""label"":""Network Send Rate (Bytes/Sec)""}","{""InfraID"":""Edge-Pi4"",""device"":""docker0"",""instance"":""129.127.231.162:9100"",""job"":""node"",""label"":""Network Send Rate (Bytes/Sec)""}","{""InfraID"":""Edge-Pi4"",""device"":""docker0"",""instance"":""129.127.231.53:9100"",""job"":""node"",""label"":""Network Send Rate (Bytes/Sec)""}","{""InfraID"":""Edge-Pi4"",""device"":""eno1"",""instance"":""129.127.231.53:9100"",""job"":""node"",""label"":""Network Send Rate (Bytes/Sec)""}","{""InfraID"":""Edge-Pi4"",""device"":""enp5s0"",""instance"":""129.127.231.53:9100"",""job"":""node"",""label"":""Network Send Rate (Bytes/Sec)""}","{""InfraID"":""Edge-Pi4"",""device"":""eth0"",""instance"":""129.127.230.61:9100"",""job"":""node"",""label"":""Network Send Rate (Bytes/Sec)""}","{""InfraID"":""Edge-Pi4"",""device"":""eth0"",""instance"":""129.127.231.125:9100"",""job"":""node"",""label"":""Network Send Rate (Bytes/Sec)""}","{""InfraID"":""Edge-Pi4"",""device"":""eth0"",""instance"":""129.127.231.162:9100"",""job"":""node"",""label"":""Network Send Rate (Bytes/Sec)""}","{""InfraID"":""Edge-Pi4"",""device"":""lo"",""instance"":""129.127.230.61:9100"",""job"":""node"",""label"":""Network Send Rate (Bytes/Sec)""}","{""InfraID"":""Edge-Pi4"",""device"":""lo"",""instance"":""129.127.231.125:9100"",""job"":""node"",""label"":""Network Send Rate (Bytes/Sec)""}","{""InfraID"":""Edge-Pi4"",""device"":""lo"",""instance"":""129.127.231.162:9100"",""job"":""node"",""label"":""Network Send Rate (Bytes/Sec)""}","{""InfraID"":""Edge-Pi4"",""device"":""lo"",""instance"":""129.127.231.53:9100"",""job"":""node"",""label"":""Network Send Rate (Bytes/Sec)""}","{""InfraID"":""Edge-Pi4"",""device"":""wlan0"",""instance"":""129.127.230.61:9100"",""job"":""node"",""label"":""Network Send Rate (Bytes/Sec)""}","{""InfraID"":""Edge-Pi4"",""device"":""wlan0"",""instance"":""129.127.231.125:9100"",""job"":""node"",""label"":""Network Send Rate (Bytes/Sec)""}","{""InfraID"":""Edge-Pi4"",""device"":""wlan0"",""instance"":""129.127.231.162:9100"",""job"":""node"",""label"":""Network Send Rate (Bytes/Sec)""}","{""InfraID"":""Edge-Pi4"",""device"":""wlp6s0"",""instance"":""129.127.231.53:9100"",""job"":""node"",""label"":""Network Send Rate (Bytes/Sec)""}","{""InfraID"":""Edge-Pi4"",""instance"":""129.127.231.53:9100"",""job"":""node"",""label"":""CPU Wait Percentage""}","{""InfraID"":""Edge-Pi4"",""instance"":""129.127.231.53:9100"",""job"":""node"",""label"":""IO Wait Percentage""}","{""InfraID"":""Edge-Pi4"",""instance"":""129.127.231.53:9100"",""job"":""node"",""label"":""Memory Wait Percentage""}","{""InfraID"":""Edge-Pi4"",""cpu"":""0"",""instance"":""129.127.230.61:9100"",""job"":""node"",""mode"":""idle"",""label"":""CPU Usage Percentage""}","{""InfraID"":""Edge-Pi4"",""cpu"":""0"",""instance"":""129.127.231.125:9100"",""job"":""node"",""mode"":""idle"",""label"":""CPU Usage Percentage""}","{""InfraID"":""Edge-Pi4"",""cpu"":""0"",""instance"":""129.127.231.162:9100"",""job"":""node"",""mode"":""idle"",""label"":""CPU Usage Percentage""}","{""InfraID"":""Edge-Pi4"",""cpu"":""0"",""instance"":""129.127.231.53:9100"",""job"":""node"",""mode"":""idle"",""label"":""CPU Usage Percentage""}","{""InfraID"":""Edge-Pi4"",""cpu"":""1"",""instance"":""129.127.230.61:9100"",""job"":""node"",""mode"":""idle"",""label"":""CPU Usage Percentage""}","{""InfraID"":""Edge-Pi4"",""cpu"":""1"",""instance"":""129.127.231.125:9100"",""job"":""node"",""mode"":""idle"",""label"":""CPU Usage Percentage""}","{""InfraID"":""Edge-Pi4"",""cpu"":""1"",""instance"":""129.127.231.162:9100"",""job"":""node"",""mode"":""idle"",""label"":""CPU Usage Percentage""}","{""InfraID"":""Edge-Pi4"",""cpu"":""1"",""instance"":""129.127.231.53:9100"",""job"":""node"",""mode"":""idle"",""label"":""CPU Usage Percentage""}","{""InfraID"":""Edge-Pi4"",""cpu"":""2"",""instance"":""129.127.230.61:9100"",""job"":""node"",""mode"":""idle"",""label"":""CPU Usage Percentage""}","{""InfraID"":""Edge-Pi4"",""cpu"":""2"",""instance"":""129.127.231.125:9100"",""job"":""node"",""mode"":""idle"",""label"":""CPU Usage Percentage""}","{""InfraID"":""Edge-Pi4"",""cpu"":""2"",""instance"":""129.127.231.162:9100"",""job"":""node"",""mode"":""idle"",""label"":""CPU Usage Percentage""}","{""InfraID"":""Edge-Pi4"",""cpu"":""2"",""instance"":""129.127.231.53:9100"",""job"":""node"",""mode"":""idle"",""label"":""CPU Usage Percentage""}","{""InfraID"":""Edge-Pi4"",""cpu"":""3"",""instance"":""129.127.230.61:9100"",""job"":""node"",""mode"":""idle"",""label"":""CPU Usage Percentage""}","{""InfraID"":""Edge-Pi4"",""cpu"":""3"",""instance"":""129.127.231.125:9100"",""job"":""node"",""mode"":""idle"",""label"":""CPU Usage Percentage""}","{""InfraID"":""Edge-Pi4"",""cpu"":""3"",""instance"":""129.127.231.162:9100"",""job"":""node"",""mode"":""idle"",""label"":""CPU Usage Percentage""}","{""InfraID"":""Edge-Pi4"",""cpu"":""3"",""instance"":""129.127.231.53:9100"",""job"":""node"",""mode"":""idle"",""label"":""CPU Usage Percentage""}","{""InfraID"":""Edge-Pi4"",""cpu"":""4"",""instance"":""129.127.231.53:9100"",""job"":""node"",""mode"":""idle"",""label"":""CPU Usage Percentage""}","{""InfraID"":""Edge-Pi4"",""cpu"":""5"",""instance"":""129.127.231.53:9100"",""job"":""node"",""mode"":""idle"",""label"":""CPU Usage Percentage""}","{""InfraID"":""Edge-Pi4"",""cpu"":""6"",""instance"":""129.127.231.53:9100"",""job"":""node"",""mode"":""idle"",""label"":""CPU Usage Percentage""}","{""InfraID"":""Edge-Pi4"",""cpu"":""7"",""instance"":""129.127.231.53:9100"",""job"":""node"",""mode"":""idle"",""label"":""CPU Usage Percentage""}"
1617074304.013,8738.133333333333,9284.266666666666,6149.1242702251875,0,0,0,8738.133333333333,9284.266666666666,6149.1242702251875,8199.215309472336,0,0,0,0,0,0,0,0,0,0,28.335046007496306,35.44796719012928,35.33469598928107,35.541237350107,68.15924705199106,0,0,0,0,0,0,0,0,0,0,0,0,5.097819414418021,7568.066666666667,5703.133333333333,8913.994995829858,8258.093789201164,0,0,0,0,0,0,0,0,0,0,0,0,5.097819414418021,12907.666666666666,10505.933333333332,16981.251042535445,13964.648891024102,0.2123615448261165,0.28241919555863176,0,5.733333333240196,5.399999999984473,6.889074228609218,1.086289267895296,3.3333333333333286,2.799999999891341,4.787322769044053,0.8193877279355348,4.466666666946068,2.8000000002793968,5.587989991698564,1.3798809618820798,3.600000000248343,4.666666666744277,4.987489574707681,0.8327328048713838,1.1263244989358583,0.7793524968949868,0.9261483438883715,0.886113112847795
1617074309.013,8738.133333333333,9284.266666666666,6149.1242702251875,0,0,0,8738.133333333333,9284.266666666666,6149.1242702251875,8199.215309472336,0,0,0,0,0,0,0,0,0,0,28.335046007496306,35.44796719012928,35.33469598928107,35.541237350107,68.15924705199106,0,0,0,0,0,0,0,0,0,0,0,0,5.097819414418021,7568.066666666667,5703.133333333333,8913.994995829858,8258.093789201164,0,0,0,0,0,0,0,0,0,0,0,0,5.097819414418021,12907.666666666666,10505.933333333332,16981.251042535445,13964.648891024102,0.2123615448261165,0.28241919555863176,0,5.733333333240196,5.399999999984473,6.889074228609218,1.086289267895296,3.3333333333333286,2.799999999891341,4.787322769044053,0.8193877279355348,4.466666666946068,2.8000000002793968,5.587989991698564,1.3798809618820798,3.600000000248343,4.666666666744277,4.987489574707681,0.8327328048713838,1.1263244989358583,0.7793524968949868,0.9261483438883715,0.886113112847795
1617074314.013,8738.133333333333,9284.266666666666,6149.1242702251875,0,0,0,8738.133333333333,9284.266666666666,6149.1242702251875,8199.215309472336,0,0,0,0,0,0,0,0,0,0,28.335046007496306,35.44796719012928,35.33469598928107,35.541237350107,68.15924705199106,0,0,0,0,0,0,0,0,0,0,0,0,5.097819414418021,7568.066666666667,5703.133333333333,8913.994995829858,8258.093789201164,0,0,0,0,0,0,0,0,0,0,0,0,5.097819414418021,12907.666666666666,10505.933333333332,16981.251042535445,13964.648891024102,0.2123615448261165,0.28241919555863176,0,5.733333333240196,5.399999999984473,6.889074228609218,1.086289267895296,3.3333333333333286,2.799999999891341,4.787322769044053,0.8193877279355348,4.466666666946068,2.8000000002793968,5.587989991698564,1.3798809618820798,3.600000000248343,4.666666666744277,4.987489574707681,0.8327328048713838,1.1263244989358583,0.7793524968949868,0.9261483438883715,0.886113112847795
1617074319.013,8738.133333333333,9284.266666666666,6149.1242702251875,0,0,0,8738.133333333333,9284.266666666666,6149.1242702251875,8199.215309472336,0,0,0,0,0,0,0,0,0,0,28.335046007496306,35.44796719012928,35.33469598928107,35.541237350107,68.15924705199106,0,0,0,0,0,0,0,0,0,0,0,0,5.097819414418021,7568.066666666667,5703.133333333333,8913.994995829858,8258.093789201164,0,0,0,0,0,0,0,0,0,0,0,0,5.097819414418021,12907.666666666666,10505.933333333332,16981.251042535445,13964.648891024102,0.2123615448261165,0.28241919555863176,0,5.733333333240196,5.399999999984473,6.889074228609218,1.086289267895296,3.3333333333333286,2.799999999891341,4.787322769044053,0.8193877279355348,4.466666666946068,2.8000000002793968,5.587989991698564,1.3798809618820798,3.600000000248343,4.666666666744277,4.987489574707681,0.8327328048713838,1.1263244989358583,0.7793524968949868,0.9261483438883715,0.886113112847795
1617074324.013,8738.133333333333,9284.266666666666,6149.1242702251875,0,0,0,8738.133333333333,9284.266666666666,6149.1242702251875,273182.0486589868,0,0,0,0,0,0,0,0,0,0,28.335046007496306,35.44796719012928,35.33469598928107,35.541237350107,68.16420117363631,0,0,0,0,0,0,0,0,0,0,0,0,22.59484944180047,7568.066666666667,5703.133333333333,8913.994995829858,34129.86478672775,0,0,0,8.673219766045456,0,0,0,0,0,0,0,0,22.59484944180047,12907.666666666666,10505.933333333332,16981.251042535445,17471.456211359695,0.3970155228394492,0.3198538896055867,0,5.733333333240196,5.399999999984473,6.889074228609218,2.9488947204243914,3.3333333333333286,2.799999999891341,4.787322769044053,2.014855668667934,4.466666666946068,2.8000000002793968,5.587989991698564,2.893297157834482,3.600000000248343,4.666666666744277,4.987489574707681,2.270604456685092,3.2602410710314444,2.392919094395836,1.925899568614696,1.859182493429131
1617074329.013,8738.133333333333,9284.266666666666,6149.1242702251875,0,0,0,8738.133333333333,9284.266666666666,6149.1242702251875,273182.0486589868,0,0,0,0,0,0,0,0,0,0,28.335046007496306,35.44796719012928,35.33469598928107,35.541237350107,68.16420117363631,0,0,0,0,0,0,0,0,0,0,0,0,22.59484944180047,7568.066666666667,5703.133333333333,8913.994995829858,34129.86478672775,0,0,0,8.673219766045456,0,0,0,0,0,0,0,0,22.59484944180047,12907.666666666666,10505.933333333332,16981.251042535445,17471.456211359695,0.3970155228394492,0.3198538896055867,0,5.733333333240196,5.399999999984473,6.889074228609218,2.9488947204243914,3.3333333333333286,2.799999999891341,4.787322769044053,2.014855668667934,4.466666666946068,2.8000000002793968,5.587989991698564,2.893297157834482,3.600000000248343,4.666666666744277,4.987489574707681,2.270604456685092,3.2602410710314444,2.392919094395836,1.925899568614696,1.859182493429131
1617074334.013,8738.133333333333,9284.266666666666,6149.1242702251875,0,0,0,8738.133333333333,9284.266666666666,6149.1242702251875,273182.0486589868,0,0,0,0,0,0,0,0,0,0,28.335046007496306,35.44796719012928,35.33469598928107,34.33709305280173,68.16420117363631,0,0,0,0,0,0,0,0,0,0,0,0,22.59484944180047,7568.066666666667,5703.133333333333,8913.994995829858,34129.86478672775,0,0,0,8.673219766045456,0,0,0,0,0,0,0,0,22.59484944180047,12907.666666666666,10505.933333333332,16981.251042535445,17471.456211359695,0.3970155228394492,0.3198538896055867,0,5.733333333240196,5.399999999984473,6.889074228609218,2.9488947204243914,3.3333333333333286,2.799999999891341,4.787322769044053,2.014855668667934,4.466666666946068,2.8000000002793968,5.587989991698564,2.893297157834482,3.600000000248343,4.666666666744277,4.987489574707681,2.270604456685092,3.2602410710314444,2.392919094395836,1.925899568614696,1.859182493429131
1617074339.013,8738.133333333333,9284.266666666666,6149.1242702251875,0,0,0,8738.133333333333,9284.266666666666,6149.1242702251875,273182.0486589868,0,0,0,0,0,0,0,0,0,0,28.335046007496306,35.44796719012928,35.33469598928107,34.33709305280173,68.16420117363631,0,0,0,0,0,0,0,0,0,0,0,0,22.59484944180047,7568.066666666667,5703.133333333333,8913.994995829858,34129.86478672775,0,0,0,8.673219766045456,0,0,0,0,0,0,0,0,22.59484944180047,12907.666666666666,10505.933333333332,16981.251042535445,17471.456211359695,0.3970155228394492,0.3198538896055867,0,5.733333333240196,5.399999999984473,6.889074228609218,2.9488947204243914,3.3333333333333286,2.799999999891341,4.787322769044053,2.014855668667934,4.466666666946068,2.8000000002793968,5.587989991698564,2.893297157834482,3.600000000248343,4.666666666744277,4.987489574707681,2.270604456685092,3.2602410710314444,2.392919094395836,1.925899568614696,1.859182493429131
1617074344.013,8738.133333333333,9284.266666666666,6149.1242702251875,0,0,0,8738.133333333333,9284.266666666666,6149.1242702251875,273182.0486589868,0,0,0,0,0,0,0,0,0,0,28.335046007496306,35.44796719012928,35.33469598928107,34.33709305280173,68.16420117363631,0,0,0,0,0,0,0,0,0,0,0,0,22.59484944180047,7568.066666666667,5703.133333333333,8913.994995829858,34129.86478672775,0,0,0,8.673219766045456,0,0,0,0,0,0,0,0,22.59484944180047,12907.666666666666,10505.933333333332,16981.251042535445,17471.456211359695,0.3970155228394492,0.3198538896055867,0,5.733333333240196,5.399999999984473,6.889074228609218,2.9488947204243914,3.3333333333333286,2.799999999891341,4.787322769044053,2.014855668667934,4.466666666946068,2.8000000002793968,5.587989991698564,2.893297157834482,3.600000000248343,4.666666666744277,4.987489574707681,2.270604456685092,3.2602410710314444,2.392919094395836,1.925899568614696,1.859182493429131
1617074349.013,8738.133333333333,9284.266666666666,6149.1242702251875,0,0,0,8738.133333333333,9284.266666666666,6149.1242702251875,273182.0486589868,0,0,0,0,0,0,0,0,0,0,28.335046007496306,35.44796719012928,35.33469598928107,34.33709305280173,68.16420117363631,0,0,0,0,0,0,0,0,0,0,0,0,22.59484944180047,7568.066666666667,5703.133333333333,8913.994995829858,34129.86478672775,0,0,0,8.673219766045456,0,0,0,0,0,0,0,0,22.59484944180047,12907.666666666666,10505.933333333332,16981.251042535445,17471.456211359695,0.3970155228394492,0.3198538896055867,0,5.733333333240196,5.399999999984473,6.889074228609218,2.9488947204243914,3.3333333333333286,2.799999999891341,4.787322769044053,2.014855668667934,4.466666666946068,2.8000000002793968,5.587989991698564,2.893297157834482,3.600000000248343,4.666666666744277,4.987489574707681,2.270604456685092,3.2602410710314444,2.392919094395836,1.925899568614696,1.859182493429131
1617074354.013,8738.133333333333,9284.266666666666,6149.1242702251875,0,0,0,8738.133333333333,9284.266666666666,6149.1242702251875,9975.246038365303,0,0,0,0,0,0,0,0,0,0,28.335046007496306,35.44796719012928,35.33469598928107,34.33709305280173,68.08390516241548,0,0,0,0,0,0,0,0,0,0,0,0,9.87489574645538,7568.066666666667,5703.133333333333,8913.994995829858,10684.070058381985,0,0,0,0,0,0,0,0,0,0,0,0,9.87489574645538,12907.666666666666,10505.933333333332,16981.251042535445,16604.437030859048,0.26241201000840214,0.49874895746451736,0,5.733333333240196,5.399999999984473,6.889074228609218,0.9507923269313494,3.3333333333333286,2.799999999891341,4.787322769044053,1.0842368641698954,4.466666666946068,2.8000000002793968,5.587989991698564,1.8515429525147624,3.600000000248343,4.666666666744277,4.987489574707681,1.0175145955506224,0.91743119262172,0.7506255212677218,1.9516263552494877,0.817347789887009
1617074359.013,8738.133333333333,58485.654552733424,6149.1242702251875,0,0,0,8738.133333333333,58485.654552733424,6149.1242702251875,9975.246038365303,0,0,0,0,0,0,0,0,0,0,28.335046007496306,33.986258468552954,35.33469598928107,34.33709305280173,68.08390516241548,0,0,0,0,0,0,0,0,0,0,0.6524027697463043,0,9.87489574645538,7568.066666666667,27260.55335616743,8913.994995829858,10684.070058381985,0,0.9637768189434041,0,0,0,0,0,0,0,0,0.6524027697463043,0,9.87489574645538,12907.666666666666,22993.779932683898,16981.251042535445,16604.437030859048,0.26241201000840214,0.49874895746451736,0,5.733333333240196,11.102708954246992,6.889074228609218,0.9507923269313494,3.3333333333333286,10.376169506091088,4.787322769044053,1.0842368641698954,4.466666666946068,8.95274528120214,5.587989991698564,1.8515429525147624,3.600000000248343,9.983245110698135,4.987489574707681,1.0175145955506224,0.91743119262172,0.7506255212677218,1.9516263552494877,0.817347789887009
1617074364.013,8738.133333333333,58485.654552733424,6149.1242702251875,0,0,0,8738.133333333333,58485.654552733424,6149.1242702251875,9975.246038365303,0,0,0,0,0,0,0,0,0,0,28.335046007496306,33.986258468552954,35.33469598928107,34.33709305280173,68.08390516241548,0,0,0,0,0,0,0,0,0,0,0.6524027697463043,0,9.87489574645538,7568.066666666667,27260.55335616743,8913.994995829858,10684.070058381985,0,0.9637768189434041,0,0,0,0,0,0,0,0,0.6524027697463043,0,9.87489574645538,12907.666666666666,22993.779932683898,16981.251042535445,16604.437030859048,0.26241201000840214,0.49874895746451736,0,5.733333333240196,11.102708954246992,6.889074228609218,0.9507923269313494,3.3333333333333286,10.376169506091088,4.787322769044053,1.0842368641698954,4.466666666946068,8.95274528120214,5.587989991698564,1.8515429525147624,3.600000000248343,9.983245110698135,4.987489574707681,1.0175145955506224,0.91743119262172,0.7506255212677218,1.9516263552494877,0.817347789887009
1617074369.013,8738.133333333333,58485.654552733424,6149.1242702251875,0,0,0,8738.133333333333,58485.654552733424,6149.1242702251875,9975.246038365303,0,0,0,0,0,0,0,0,0,0,28.335046007496306,33.986258468552954,35.33469598928107,34.33709305280173,68.08390516241548,0,0,0,0,0,0,0,0,0,0,0.6524027697463043,0,9.87489574645538,7568.066666666667,27260.55335616743,8913.994995829858,10684.070058381985,0,0.9637768189434041,0,0,0,0,0,0,0,0,0.6524027697463043,0,9.87489574645538,12907.666666666666,22993.779932683898,16981.251042535445,16604.437030859048,0.26241201000840214,0.49874895746451736,0,5.733333333240196,11.102708954246992,6.889074228609218,0.9507923269313494,3.3333333333333286,10.376169506091088,4.787322769044053,1.0842368641698954,4.466666666946068,8.95274528120214,5.587989991698564,1.8515429525147624,3.600000000248343,9.983245110698135,4.987489574707681,1.0175145955506224,0.91743119262172,0.7506255212677218,1.9516263552494877,0.817347789887009
1617074374.013,8738.133333333333,58485.654552733424,6149.1242702251875,0,0,0,8738.133333333333,58485.654552733424,6149.1242702251875,9975.246038365303,0,0,0,0,0,0,0,0,0,0,28.335046007496306,33.986258468552954,35.33469598928107,34.33709305280173,68.08390516241548,0,0,0,0,0,0,0,0,0,0,0.6524027697463043,0,9.87489574645538,7568.066666666667,27260.55335616743,8913.994995829858,10684.070058381985,0,0.9637768189434041,0,0,0,0,0,0,0,0,0.6524027697463043,0,9.87489574645538,12907.666666666666,22993.779932683898,16981.251042535445,16604.437030859048,0.26241201000840214,0.49874895746451736,0,5.733333333240196,11.102708954246992,6.889074228609218,0.9507923269313494,3.3333333333333286,10.376169506091088,4.787322769044053,1.0842368641698954,4.466666666946068,8.95274528120214,5.587989991698564,1.8515429525147624,3.600000000248343,9.983245110698135,4.987489574707681,1.0175145955506224,0.91743119262172,0.7506255212677218,1.9516263552494877,0.817347789887009
1617074379.013,8738.133333333333,58485.654552733424,6149.1242702251875,0,0,0,8738.133333333333,58485.654552733424,6149.1242702251875,9975.246038365303,0,0,0,0,0,0,0,0,0,0,28.335046007496306,33.986258468552954,35.33469598928107,34.33709305280173,68.08390516241548,0,0,0,0,0,0,0,0,0,0,0.6524027697463043,0,9.87489574645538,7568.066666666667,27260.55335616743,8913.994995829858,10684.070058381985,0,0.9637768189434041,0,0,0,0,0,0,0,0,0.6524027697463043,0,9.87489574645538,12907.666666666666,22993.779932683898,16981.251042535445,16604.437030859048,0.26241201000840214,0.49874895746451736,0,5.733333333240196,11.102708954246992,6.889074228609218,0.9507923269313494,3.3333333333333286,10.376169506091088,4.787322769044053,1.0842368641698954,4.466666666946068,8.95274528120214,5.587989991698564,1.8515429525147624,3.600000000248343,9.983245110698135,4.987489574707681,1.0175145955506224,0.91743119262172,0.7506255212677218,1.9516263552494877,0.817347789887009
1617074384.013,8738.133333333333,58485.654552733424,6149.1242702251875,0,0,0,8738.133333333333,58485.654552733424,6149.1242702251875,9975.246038365303,0,0,0,0,0,0,0,0,0,0,28.335046007496306,33.986258468552954,35.33469598928107,34.33709305280173,68.08390516241548,0,0,0,0,0,0,0,0,0,0,0.6524027697463043,0,9.87489574645538,7568.066666666667,27260.55335616743,8913.994995829858,10684.070058381985,0,0.9637768189434041,0,0,0,0,0,0,0,0,0.6524027697463043,0,9.87489574645538,12907.666666666666,22993.779932683898,16981.251042535445,16604.437030859048,0.26241201000840214,0.49874895746451736,0,5.733333333240196,11.102708954246992,6.889074228609218,0.9507923269313494,3.3333333333333286,10.376169506091088,4.787322769044053,1.0842368641698954,4.466666666946068,8.95274528120214,5.587989991698564,1.8515429525147624,3.600000000248343,9.983245110698135,4.987489574707681,1.0175145955506224,0.91743119262172,0.7506255212677218,1.9516263552494877,0.817347789887009
1617074389.013,8738.133333333333,58485.654552733424,6149.1242702251875,0,0,0,8738.133333333333,58485.654552733424,6149.1242702251875,9975.246038365303,0,0,0,0,0,0,0,0,0,0,28.335046007496306,33.986258468552954,35.33469598928107,34.33709305280173,68.08390516241548,0,0,0,0,0,0,0,0,0,0,0.6524027697463043,0,9.87489574645538,7568.066666666667,27260.55335616743,8913.994995829858,10684.070058381985,0,0.9637768189434041,0,0,0,0,0,0,0,0,0.6524027697463043,0,9.87489574645538,12907.666666666666,22993.779932683898,16981.251042535445,16604.437030859048,0.26241201000840214,0.49874895746451736,0,5.733333333240196,11.102708954246992,6.889074228609218,0.9507923269313494,3.3333333333333286,10.376169506091088,4.787322769044053,1.0842368641698954,4.466666666946068,8.95274528120214,5.587989991698564,1.8515429525147624,3.600000000248343,9.983245110698135,4.987489574707681,1.0175145955506224,0.91743119262172,0.7506255212677218,1.9516263552494877,0.817347789887009
1617074394.013,8738.133333333333,58485.654552733424,6149.1242702251875,0,0,0,8738.133333333333,58485.654552733424,6149.1242702251875,9975.246038365303,0,0,0,0,0,0,0,0,0,0,28.335046007496306,33.986258468552954,35.33469598928107,34.33709305280173,68.08390516241548,0,0,0,0,0,0,0,0,0,0,0.6524027697463043,0,9.87489574645538,7568.066666666667,27260.55335616743,8913.994995829858,10684.070058381985,0,0.9637768189434041,0,0,0,0,0,0,0,0,0.6524027697463043,0,9.87489574645538,12907.666666666666,22993.779932683898,16981.251042535445,16604.437030859048,0.26241201000840214,0.49874895746451736,0,5.733333333240196,11.102708954246992,6.889074228609218,0.9507923269313494,3.3333333333333286,10.376169506091088,4.787322769044053,1.0842368641698954,4.466666666946068,8.95274528120214,5.587989991698564,1.8515429525147624,3.600000000248343,9.983245110698135,4.987489574707681,1.0175145955506224,0.91743119262172,0.7506255212677218,1.9516263552494877,0.817347789887009
1617074399.013,37524.39171861643,58485.654552733424,6149.1242702251875,0,0,0,37524.39171861643,58485.654552733424,6149.1242702251875,68662.79819471309,0,0,0,0,0,0,0,0,0,0,24.37861562183338,33.986258468552954,35.33469598928107,34.33709305280173,67.16020672911966,0,0,0,0,0,0,0,0,0,0.3669495235911015,0.6524027697463043,0,0,22196.876759168525,27260.55335616743,8913.994995829858,65494.67529291447,1.0841690469737089,0.9637768189434041,0,0,0,0,0,0,0,0.3669495235911015,0.6524027697463043,0,0,22502.162083272524,22993.779932683898,16981.251042535445,108620.66742257499,1.1646479468197295,0.22918695391174115,0,9.730417196596804,11.102708954246992,6.889074228609218,6.756486360296293,8.095823864218971,10.376169506091088,4.787322769044053,5.77825207317936,8.125013030871173,8.95274528120214,5.587989991698564,7.823651037104085,7.803932197721181,9.983245110698135,4.987489574707681,6.4896951910943415,6.556392983330127,5.8449498655445495,6.578625580785186,6.000578047471166
1617074404.013,37524.39171861643,8014.2298114549985,6149.1242702251875,0,0,0,37524.39171861643,8014.2298114549985,6149.1242702251875,68662.79819471309,0,0,0,0,0,0,0,0,0,0,24.37861562183338,33.333979625470306,35.33469598928107,34.33709305280173,67.16020672911966,0,0,0,0,0,0,0,0,0,0.3669495235911015,0,0,0,22196.876759168525,23881.581287797937,8913.994995829858,65494.67529291447,1.0841690469737089,0,0,0,0,0,0,0,0,0.3669495235911015,0,0,0,22502.162083272524,35022.63429384561,16981.251042535445,108620.66742257499,1.1646479468197295,0.22918695391174115,0,9.730417196596804,14.643365350378048,6.889074228609218,6.756486360296293,8.095823864218971,10.552294557138538,4.787322769044053,5.77825207317936,8.125013030871173,10.174315190271955,5.587989991698564,7.823651037104085,7.803932197721181,10.841337602328537,4.987489574707681,6.4896951910943415,6.556392983330127,5.8449498655445495,6.578625580785186,6.000578047471166
1617074409.013,37524.39171861643,8014.2298114549985,53725.021349274124,0,0,0,37524.39171861643,8014.2298114549985,53725.021349274124,68662.79819471309,0,0,0,0,0,0,0,0,0,0,24.37861562183338,33.333979625470306,32.98467573312489,34.33709305280173,67.16020672911966,0,0,0,0,0,0,0,0,0,0.3669495235911015,0,0.5871050384286934,0,22196.876759168525,23881.581287797937,31862.117047395386,65494.67529291447,1.0841690469737089,0,1.7346285226302305,0,0,0,0,0,0,0.3669495235911015,0,0.5871050384286934,0,22502.162083272524,35022.63429384561,29690.709062766866,108620.66742257499,1.1646479468197295,0.22918695391174115,0,9.730417196596804,14.643365350378048,14.215947907760267,6.756486360296293,8.095823864218971,10.552294557138538,11.347139197264184,5.77825207317936,8.125013030871173,10.174315190271955,11.467228864210853,7.823651037104085,7.803932197721181,10.841337602328537,13.115125960690932,6.4896951910943415,6.556392983330127,5.8449498655445495,6.578625580785186,6.000578047471166
1617074414.013,37524.39171861643,8014.2298114549985,53725.021349274124,0,0,0,37524.39171861643,8014.2298114549985,53725.021349274124,68662.79819471309,0,0,0,0,0,0,0,0,0,0,24.37861562183338,33.333979625470306,32.98467573312489,34.33709305280173,67.16020672911966,0,0,0,0,0,0,0,0,0,0.3669495235911015,0,0.5871050384286934,0,22196.876759168525,23881.581287797937,31862.117047395386,65494.67529291447,1.0841690469737089,0,1.7346285226302305,0,0,0,0,0,0,0.3669495235911015,0,0.5871050384286934,0,22502.162083272524,35022.63429384561,29690.709062766866,108620.66742257499,1.1646479468197295,0.22918695391174115,0,9.730417196596804,14.643365350378048,14.215947907760267,6.756486360296293,8.095823864218971,10.552294557138538,11.347139197264184,5.77825207317936,8.125013030871173,10.174315190271955,11.467228864210853,7.823651037104085,7.803932197721181,10.841337602328537,13.115125960690932,6.4896951910943415,6.556392983330127,5.8449498655445495,6.578625580785186,6.000578047471166
1617074419.013,37524.39171861643,8014.2298114549985,53725.021349274124,0,0,0,37524.39171861643,8014.2298114549985,53725.021349274124,68662.79819471309,0,0,0,0,0,0,0,0,0,0,24.37861562183338,33.333979625470306,32.98467573312489,34.33709305280173,67.16020672911966,0,0,0,0,0,0,0,0,0,0.3669495235911015,0,0.5871050384286934,0,22196.876759168525,23881.581287797937,31862.117047395386,65494.67529291447,1.0841690469737089,0,1.7346285226302305,0,0,0,0,0,0,0.3669495235911015,0,0.5871050384286934,0,22502.162083272524,35022.63429384561,29690.709062766866,108620.66742257499,1.1646479468197295,0.22918695391174115,0,9.730417196596804,14.643365350378048,14.215947907760267,6.756486360296293,8.095823864218971,10.552294557138538,11.347139197264184,5.77825207317936,8.125013030871173,10.174315190271955,11.467228864210853,7.823651037104085,7.803932197721181,10.841337602328537,13.115125960690932,6.4896951910943415,6.556392983330127,5.8449498655445495,6.578625580785186,6.000578047471166
1617074424.013,37524.39171861643,8014.2298114549985,53725.021349274124,0,0,0,37524.39171861643,8014.2298114549985,53725.021349274124,68662.79819471309,0,0,0,0,0,0,0,0,0,0,24.37861562183338,33.333979625470306,32.98467573312489,34.33709305280173,67.16020672911966,0,0,0,0,0,0,0,0,0,0.3669495235911015,0,0.5871050384286934,0,22196.876759168525,23881.581287797937,31862.117047395386,65494.67529291447,1.0841690469737089,0,1.7346285226302305,0,0,0,0,0,0,0.3669495235911015,0,0.5871050384286934,0,22502.162083272524,35022.63429384561,29690.709062766866,108620.66742257499,1.1646479468197295,0.22918695391174115,0,9.730417196596804,14.643365350378048,14.215947907760267,6.756486360296293,8.095823864218971,10.552294557138538,11.347139197264184,5.77825207317936,8.125013030871173,10.174315190271955,11.467228864210853,7.823651037104085,7.803932197721181,10.841337602328537,13.115125960690932,6.4896951910943415,6.556392983330127,5.8449498655445495,6.578625580785186,6.000578047471166
1617074429.013,37524.39171861643,8014.2298114549985,53725.021349274124,0,0,0,37524.39171861643,8014.2298114549985,53725.021349274124,44679.16472079525,0,0,0,0,0,0,0,0,0,0,24.37861562183338,33.333979625470306,32.98467573312489,34.33709305280173,67.51965032730311,0,0,0,0,0,0,0,0,0,0.3669495235911015,0,0.5871050384286934,0,22196.876759168525,23881.581287797937,31862.117047395386,27892.18760424311,1.0841690469737089,0,1.7346285226302305,0,0,0,0,0,0,0.3669495235911015,0,0.5871050384286934,0,22502.162083272524,35022.63429384561,29690.709062766866,128415.80492361065,0.7659817199277446,0.25172459803861463,0,9.730417196596804,14.643365350378048,14.215947907760267,3.5626125826459827,8.095823864218971,10.552294557138538,11.347139197264184,2.0615117753484924,8.125013030871173,10.174315190271955,11.467228864210853,3.262392421108814,7.803932197721181,10.841337602328537,13.115125960690932,2.6953098937824223,2.661952098228653,2.1949429581460294,2.461805323935266,2.561878711179048
1617074434.013,37524.39171861643,8014.2298114549985,53725.021349274124,0,0,0,37524.39171861643,8014.2298114549985,53725.021349274124,44679.16472079525,0,0,0,0,0,0,0,0,0,0,24.37861562183338,33.333979625470306,32.98467573312489,34.33709305280173,67.51965032730311,0,0,0,0,0,0,0,0,0,0.3669495235911015,0,0.5871050384286934,0,22196.876759168525,23881.581287797937,31862.117047395386,27892.18760424311,1.0841690469737089,0,1.7346285226302305,0,0,0,0,0,0,0.3669495235911015,0,0.5871050384286934,0,22502.162083272524,35022.63429384561,29690.709062766866,128415.80492361065,0.7659817199277446,0.25172459803861463,0,9.730417196596804,14.643365350378048,14.215947907760267,3.5626125826459827,8.095823864218971,10.552294557138538,11.347139197264184,2.0615117753484924,8.125013030871173,10.174315190271955,11.467228864210853,3.262392421108814,7.803932197721181,10.841337602328537,13.115125960690932,2.6953098937824223,2.661952098228653,2.1949429581460294,2.461805323935266,2.561878711179048
1617074439.013,37524.39171861643,8014.2298114549985,53725.021349274124,0,0,0,37524.39171861643,8014.2298114549985,53725.021349274124,44679.16472079525,0,0,0,0,0,0,0,0,0,0,24.37861562183338,33.333979625470306,32.98467573312489,34.33709305280173,67.51965032730311,0,0,0,0,0,0,0,0,0,0.3669495235911015,0,0.5871050384286934,0,22196.876759168525,23881.581287797937,31862.117047395386,27892.18760424311,1.0841690469737089,0,1.7346285226302305,0,0,0,0,0,0,0.3669495235911015,0,0.5871050384286934,0,22502.162083272524,35022.63429384561,29690.709062766866,128415.80492361065,0.7659817199277446,0.25172459803861463,0,9.730417196596804,14.643365350378048,14.215947907760267,3.5626125826459827,8.095823864218971,10.552294557138538,11.347139197264184,2.0615117753484924,8.125013030871173,10.174315190271955,11.467228864210853,3.262392421108814,7.803932197721181,10.841337602328537,13.115125960690932,2.6953098937824223,2.661952098228653,2.1949429581460294,2.461805323935266,2.561878711179048
1617074444.013,10386.92025358692,8014.2298114549985,53725.021349274124,0,0,0,10386.92025358692,8014.2298114549985,53725.021349274124,44679.16472079525,0,0,0,0,0,0,0,0,0,0,24.851293281589143,33.333979625470306,32.98467573312489,34.33709305280173,67.51965032730311,0,0,0,0,0,0,0,0,0,0,0,0.5871050384286934,0,16625.73684795907,23881.581287797937,31862.117047395386,27892.18760424311,0,0,1.7346285226302305,0,0,0,0,0,0,0,0,0.5871050384286934,0,28089.8676454232,35022.63429384561,29690.709062766866,128415.80492361065,0.7659817199277446,0.25172459803861463,0,10.910910910936806,14.643365350378048,14.215947907760267,3.5626125826459827,8.552997441917398,10.552294557138538,11.347139197264184,2.0615117753484924,8.797686575464354,10.174315190271955,11.467228864210853,3.262392421108814,8.797686575464354,10.841337602328537,13.115125960690932,2.6953098937824223,2.661952098228653,2.1949429581460294,2.461805323935266,2.561878711179048
1617074449.013,10386.92025358692,8014.2298114549985,53725.021349274124,0,0,0,10386.92025358692,8014.2298114549985,53725.021349274124,44679.16472079525,0,0,0,0,0,0,0,0,0,0,24.851293281589143,33.333979625470306,32.98467573312489,34.33709305280173,67.51965032730311,0,0,0,0,0,0,0,0,0,0,0,0.5871050384286934,0,16625.73684795907,23881.581287797937,31862.117047395386,27892.18760424311,0,0,1.7346285226302305,0,0,0,0,0,0,0,0,0.5871050384286934,0,28089.8676454232,35022.63429384561,29690.709062766866,128415.80492361065,0.7659817199277446,0.25172459803861463,0,10.910910910936806,14.643365350378048,14.215947907760267,3.5626125826459827,8.552997441917398,10.552294557138538,11.347139197264184,2.0615117753484924,8.797686575464354,10.174315190271955,11.467228864210853,3.262392421108814,8.797686575464354,10.841337602328537,13.115125960690932,2.6953098937824223,2.661952098228653,2.1949429581460294,2.461805323935266,2.561878711179048
1617074454.013,10386.92025358692,8014.2298114549985,53725.021349274124,0,0,0,10386.92025358692,8014.2298114549985,53725.021349274124,44679.16472079525,0,0,0,0,0,0,0,0,0,0,24.851293281589143,33.333979625470306,32.98467573312489,34.33709305280173,67.51965032730311,0,0,0,0,0,0,0,0,0,0,0,0.5871050384286934,0,16625.73684795907,23881.581287797937,31862.117047395386,27892.18760424311,0,0,1.7346285226302305,0,0,0,0,0,0,0,0,0.5871050384286934,0,28089.8676454232,35022.63429384561,29690.709062766866,128415.80492361065,0.7659817199277446,0.25172459803861463,0,10.910910910936806,14.643365350378048,14.215947907760267,3.5626125826459827,8.552997441917398,10.552294557138538,11.347139197264184,2.0615117753484924,8.797686575464354,10.174315190271955,11.467228864210853,3.262392421108814,8.797686575464354,10.841337602328537,13.115125960690932,2.6953098937824223,2.661952098228653,2.1949429581460294,2.461805323935266,2.561878711179048
1617074459.013,10386.92025358692,8014.2298114549985,53725.021349274124,0,0,0,10386.92025358692,8014.2298114549985,53725.021349274124,44679.16472079525,0,0,0,0,0,0,0,0,0,0,24.851293281589143,33.333979625470306,32.98467573312489,34.33709305280173,67.51965032730311,0,0,0,0,0,0,0,0,0,0,0,0.5871050384286934,0,16625.73684795907,23881.581287797937,31862.117047395386,27892.18760424311,0,0,1.7346285226302305,0,0,0,0,0,0,0,0,0.5871050384286934,0,28089.8676454232,35022.63429384561,29690.709062766866,128415.80492361065,0.7659817199277446,0.25172459803861463,0,10.910910910936806,14.643365350378048,14.215947907760267,3.5626125826459827,8.552997441917398,10.552294557138538,11.347139197264184,2.0615117753484924,8.797686575464354,10.174315190271955,11.467228864210853,3.262392421108814,8.797686575464354,10.841337602328537,13.115125960690932,2.6953098937824223,2.661952098228653,2.1949429581460294,2.461805323935266,2.561878711179048
1617074464.013,10386.92025358692,13594.809613556381,53725.021349274124,0,0,0,10386.92025358692,13594.809613556381,53725.021349274124,44679.16472079525,0,0,0,0,0,0,0,0,0,0,24.851293281589143,33.2018298911474,32.98467573312489,34.33709305280173,67.51965032730311,0,0,0,0,0,0,0,0,0,0,0,0.5871050384286934,0,16625.73684795907,14268.575812665744,31862.117047395386,27892.18760424311,0,0,1.7346285226302305,0,0,0,0,0,0,0,0,0.5871050384286934,0,28089.8676454232,24278.582984472207,29690.709062766866,128415.80492361065,0.7659817199277446,0.25172459803861463,0,10.910910910936806,11.419850893163385,14.215947907760267,3.5626125826459827,8.552997441917398,8.951415180836918,11.347139197264184,2.0615117753484924,8.797686575464354,10.035525459909053,11.467228864210853,3.262392421108814,8.797686575464354,9.435095151447598,13.115125960690932,2.6953098937824223,2.661952098228653,2.1949429581460294,2.461805323935266,2.561878711179048
1617074469.013,10386.92025358692,13594.809613556381,12775.235172459803,0,0,0,10386.92025358692,13594.809613556381,12775.235172459803,44679.16472079525,0,0,0,0,0,0,0,0,0,0,24.851293281589143,33.2018298911474,32.972226105644275,33.24326061866485,67.51965032730311,0,0,0,0,0,0,0,0,0,0,0,0,0,16625.73684795907,14268.575812665744,18482.720661818665,27892.18760424311,0,0,0,0,0,0,0,0,0,0,0,0,0,28089.8676454232,24278.582984472207,30571.635866301953,128415.80492361065,0.7659817199277446,0.25172459803861463,0,10.910910910936806,11.419850893163385,13.569951297606607,3.5626125826459827,8.552997441917398,8.951415180836918,10.517712989486824,2.0615117753484924,8.797686575464354,10.035525459909053,10.73453866165417,3.262392421108814,8.797686575464354,9.435095151447598,10.567749683108701,2.6953098937824223,2.661952098228653,2.1949429581460294,2.461805323935266,2.561878711179048
1617074474.013,16532.10580739851,13594.809613556381,12775.235172459803,0,0,0,16532.10580739851,13594.809613556381,12775.235172459803,44679.16472079525,0,0,0,0,0,0,0,0,0,0,24.613423759807908,33.2018298911474,32.972226105644275,33.24326061866485,67.51965032730311,0,0,0,0,0,0,0,0,0,0,0,0,0,17103.539144067516,14268.575812665744,18482.720661818665,27892.18760424311,0,0,0,0,0,0,0,0,0,0,0,0,0,27885.953500783882,24278.582984472207,30571.635866301953,128415.80492361065,0.7659817199277446,0.25172459803861463,0,11.071083091388644,11.419850893163385,13.569951297606607,3.5626125826459827,9.503318989944091,8.951415180836918,10.517712989486824,2.0615117753484924,8.002268254390415,10.035525459909053,10.73453866165417,3.262392421108814,10.670802895461051,9.435095151447598,10.567749683108701,2.6953098937824223,2.661952098228653,2.1949429581460294,2.461805323935266,2.561878711179048
1617074479.013,16532.10580739851,13594.809613556381,12775.235172459803,0,0,0,16532.10580739851,13594.809613556381,12775.235172459803,44679.16472079525,0,0,0,0,0,0,0,0,0,0,24.613423759807908,33.2018298911474,32.972226105644275,33.24326061866485,67.51965032730311,0,0,0,0,0,0,0,0,0,0,0,0,0,17103.539144067516,14268.575812665744,18482.720661818665,27892.18760424311,0,0,0,0,0,0,0,0,0,0,0,0,0,27885.953500783882,24278.582984472207,30571.635866301953,128415.80492361065,0.7659817199277446,0.25172459803861463,0,11.071083091388644,11.419850893163385,13.569951297606607,3.5626125826459827,9.503318989944091,8.951415180836918,10.517712989486824,2.0615117753484924,8.002268254390415,10.035525459909053,10.73453866165417,3.262392421108814,10.670802895461051,9.435095151447598,10.567749683108701,2.6953098937824223,2.661952098228653,2.1949429581460294,2.461805323935266,2.561878711179048
1617074484.013,16532.10580739851,13594.809613556381,12775.235172459803,0,0,0,16532.10580739851,13594.809613556381,12775.235172459803,44679.16472079525,0,0,0,0,0,0,0,0,0,0,24.613423759807908,33.2018298911474,32.972226105644275,33.24326061866485,67.51965032730311,0,0,0,0,0,0,0,0,0,0,0,0,0,17103.539144067516,14268.575812665744,18482.720661818665,27892.18760424311,0,0,0,0,0,0,0,0,0,0,0,0,0,27885.953500783882,24278.582984472207,30571.635866301953,128415.80492361065,0.7659817199277446,0.25172459803861463,0,11.071083091388644,11.419850893163385,13.569951297606607,3.5626125826459827,9.503318989944091,8.951415180836918,10.517712989486824,2.0615117753484924,8.002268254390415,10.035525459909053,10.73453866165417,3.262392421108814,10.670802895461051,9.435095151447598,10.567749683108701,2.6953098937824223,2.661952098228653,2.1949429581460294,2.461805323935266,2.561878711179048
1617074489.013,16532.10580739851,13594.809613556381,12775.235172459803,0,0,0,16532.10580739851,13594.809613556381,12775.235172459803,12160.992777675845,0,0,0,0,0,0,0,0,0,0,24.613423759807908,33.2018298911474,32.972226105644275,33.24326061866485,67.52727771260845,0,0,0,0,0,0,0,0,0,0,0,0,0,17103.539144067516,14268.575812665744,18482.720661818665,21943.555785365203,0,0,0,0,0,0,0,0,0,0,0,0,0,27885.953500783882,24278.582984472207,30571.635866301953,88462.72913782463,0.3363117775591303,0.28994545727478205,0,11.071083091388644,11.419850893163385,13.569951297606607,1.2559838539995667,9.503318989944091,8.951415180836918,10.517712989486824,1.773055560165517,8.002268254390415,10.035525459909053,10.73453866165417,2.540323253226674,10.670802895461051,9.435095151447598,10.567749683108701,1.3560622488353147,1.33938251636269,1.172585191733532,1.3894217136834754,1.2226243890543174
1617074494.013,16532.10580739851,13594.809613556381,12775.235172459803,0,0,0,16532.10580739851,13594.809613556381,12775.235172459803,12160.992777675845,0,0,0,0,0,0,0,0,0,0,24.613423759807908,33.2018298911474,32.972226105644275,33.24326061866485,67.52727771260845,0,0,0,0,0,0,0,0,0,0,0,0,0,17103.539144067516,14268.575812665744,18482.720661818665,21943.555785365203,0,0,0,0,0,0,0,0,0,0,0,0,0,27885.953500783882,24278.582984472207,30571.635866301953,88462.72913782463,0.3363117775591303,0.28994545727478205,0,11.071083091388644,11.419850893163385,13.569951297606607,1.2559838539995667,9.503318989944091,8.951415180836918,10.517712989486824,1.773055560165517,8.002268254390415,10.035525459909053,10.73453866165417,2.540323253226674,10.670802895461051,9.435095151447598,10.567749683108701,1.3560622488353147,1.33938251636269,1.172585191733532,1.3894217136834754,1.2226243890543174
1617074499.013,16532.10580739851,13594.809613556381,8608.199619708443,0,0,0,16532.10580739851,13594.809613556381,8608.199619708443,12160.992777675845,0,0,0,0,0,0,0,0,0,0,24.613423759807908,33.2018298911474,32.972226105644275,33.23519897464052,67.52727771260845,0,0,0,0,0,0,0,0,0,0,0,0,0,17103.539144067516,14268.575812665744,15465.290055709376,21943.555785365203,0,0,0,0,0,0,0,0,0,0,0,0,0,27885.953500783882,24278.582984472207,26017.513426960668,88462.72913782463,0.3363117775591303,0.28994545727478205,0,11.071083091388644,11.419850893163385,10.698201954964077,1.2559838539995667,9.503318989944091,8.951415180836918,7.695900190200149,1.773055560165517,8.002268254390415,10.035525459909053,8.629949628001569,2.540323253226674,10.670802895461051,9.435095151447598,8.629949628001569,1.3560622488353147,1.33938251636269,1.172585191733532,1.3894217136834754,1.2226243890543174
1617074504.013,16260.47504670403,13594.809613556381,8608.199619708443,0,0,0,16260.47504670403,13594.809613556381,8608.199619708443,8752.136752136752,0,0,0,0,0,0,0,0,0,0,24.29320301362622,33.2018298911474,32.972226105644275,33.23519897464052,67.52607597022916,0,0,0,0,0,0,0,0,0,0,0,0,0,18532.726180944755,14268.575812665744,15465.290055709376,19066.773504273504,0,0,0,0,0,0,0,0,0,0,0,0,0,30419.56898852415,24278.582984472207,26017.513426960668,59328.72596153846,0.3482438568374445,0.3432158119661982,0,11.362423272121774,11.419850893163385,10.698201954964077,1.5090811965811923,9.727782225788388,8.951415180836918,7.695900190200149,1.7761752135352964,8.36002135050687,10.035525459909053,8.629949628001569,3.1784188034188077,10.228182545928092,9.435095151447598,8.629949628001569,1.842948717870982,1.1752136749027358,1.5090811965811923,1.1084401709557312,1.1752136752914168
1617074509.013,16260.47504670403,13594.809613556381,8608.199619708443,0,0,0,16260.47504670403,13594.809613556381,8608.199619708443,8752.136752136752,0,0,0,0,0,0,0,0,0,0,24.29320301362622,33.2018298911474,32.972226105644275,33.23519897464052,67.52607597022916,0,0,0,0,0,0,0,0,0,0,0,0,0,18532.726180944755,14268.575812665744,15465.290055709376,19066.773504273504,0,0,0,0,0,0,0,0,0,0,0,0,0,30419.56898852415,24278.582984472207,26017.513426960668,59328.72596153846,0.3482438568374445,0.3432158119661982,0,11.362423272121774,11.419850893163385,10.698201954964077,1.5090811965811923,9.727782225788388,8.951415180836918,7.695900190200149,1.7761752135352964,8.36002135050687,10.035525459909053,8.629949628001569,3.1784188034188077,10.228182545928092,9.435095151447598,8.629949628001569,1.842948717870982,1.1752136749027358,1.5090811965811923,1.1084401709557312,1.1752136752914168
1617074514.013,16260.47504670403,13594.809613556381,8608.199619708443,0,0,0,16260.47504670403,13594.809613556381,8608.199619708443,8752.136752136752,0,0,0,0,0,0,0,0,0,0,24.29320301362622,33.2018298911474,32.972226105644275,33.286426130339436,67.52607597022916,0,0,0,0,0,0,0,0,0,0,0,0,0,18532.726180944755,14268.575812665744,15465.290055709376,19066.773504273504,0,0,0,0,0,0,0,0,0,0,0,0,0,30419.56898852415,24278.582984472207,26017.513426960668,59328.72596153846,0.3482438568374445,0.3432158119661982,0,11.362423272121774,11.419850893163385,10.698201954964077,1.5090811965811923,9.727782225788388,8.951415180836918,7.695900190200149,1.7761752135352964,8.36002135050687,10.035525459909053,8.629949628001569,3.1784188034188077,10.228182545928092,9.435095151447598,8.629949628001569,1.842948717870982,1.1752136749027358,1.5090811965811923,1.1084401709557312,1.1752136752914168
1617074519.013,4368.775414972335,13594.809613556381,8608.199619708443,0,0,0,4368.775414972335,13594.809613556381,8608.199619708443,8752.136752136752,0,0,0,0,0,0,0,0,0,0,24.129827164474886,33.2018298911474,32.972226105644275,33.286426130339436,67.52607597022916,0,0,0,0,0,0,0,0,0,0,0,0,0,19326.644890340645,14268.575812665744,15465.290055709376,19066.773504273504,0,0,0,0,0,0,0,0,0,0,0,0,0,31919.072061862542,24278.582984472207,26017.513426960668,59328.72596153846,0.3482438568374445,0.3432158119661982,0,12.605826277953213,11.419850893163385,10.698201954964077,1.5090811965811923,9.472701819770023,8.951415180836918,7.695900190200149,1.7761752135352964,8.939404039513391,10.035525459909053,8.629949628001569,3.1784188034188077,10.20598626776841,9.435095151447598,8.629949628001569,1.842948717870982,1.1752136749027358,1.5090811965811923,1.1084401709557312,1.1752136752914168
1617074524.013,4368.775414972335,13594.809613556381,8608.199619708443,0,0,0,4368.775414972335,13594.809613556381,8608.199619708443,8752.136752136752,0,0,0,0,0,0,0,0,0,0,24.129827164474886,33.2018298911474,32.972226105644275,33.286426130339436,67.52607597022916,0,0,0,0,0,0,0,0,0,0,0,0,0,19326.644890340645,14268.575812665744,15465.290055709376,19066.773504273504,0,0,0,0,0,0,0,0,0,0,0,0,0,31919.072061862542,24278.582984472207,26017.513426960668,59328.72596153846,0.3482438568374445,0.3432158119661982,0,12.605826277953213,11.419850893163385,10.698201954964077,1.5090811965811923,9.472701819770023,8.951415180836918,7.695900190200149,1.7761752135352964,8.939404039513391,10.035525459909053,8.629949628001569,3.1784188034188077,10.20598626776841,9.435095151447598,8.629949628001569,1.842948717870982,1.1752136749027358,1.5090811965811923,1.1084401709557312,1.1752136752914168
1617074529.013,4368.775414972335,13594.809613556381,8608.199619708443,0,0,0,4368.775414972335,13594.809613556381,8608.199619708443,8752.136752136752,0,0,0,0,0,0,0,0,0,0,24.129827164474886,33.2018298911474,32.972226105644275,33.19284983198105,67.52607597022916,0,0,0,0,0,0,0,0,0,0,0,0,0,19326.644890340645,14268.575812665744,15465.290055709376,19066.773504273504,0,0,0,0,0,0,0,0,0,0,0,0,0,31919.072061862542,24278.582984472207,26017.513426960668,59328.72596153846,0.3482438568374445,0.3432158119661982,0,12.605826277953213,11.419850893163385,10.698201954964077,1.5090811965811923,9.472701819770023,8.951415180836918,7.695900190200149,1.7761752135352964,8.939404039513391,10.035525459909053,8.629949628001569,3.1784188034188077,10.20598626776841,9.435095151447598,8.629949628001569,1.842948717870982,1.1752136749027358,1.5090811965811923,1.1084401709557312,1.1752136752914168
1617074534.013,4368.775414972335,13594.809613556381,8608.199619708443,0,0,0,4368.775414972335,13594.809613556381,8608.199619708443,15985.589912939058,0,0,0,0,0,0,0,0,0,0,24.129827164474886,33.2018298911474,32.972226105644275,33.19284983198105,67.5248251771405,0,0,0,0,0,0,0,0,0,0,0,0,12.742252910370594,19326.644890340645,14268.575812665744,15465.290055709376,11770.272524100204,0,0,0,0,0,0,0,0,0,0,0,0,12.742252910370594,31919.072061862542,24278.582984472207,26017.513426960668,28658.294139230795,0.27088962273610034,0.3729243803996767,0,12.605826277953213,11.419850893163385,10.698201954964077,0.8305814070470205,9.472701819770023,8.951415180836918,7.695900190200149,1.1975049201262777,8.939404039513391,10.035525459909053,8.629949628001569,2.231562093473201,10.20598626776841,9.435095151447598,8.629949628001569,1.264218286017126,1.0974348711929167,0.9306514559803816,0.9640081390228943,1.0974348711929167
1617074539.013,4368.775414972335,13594.809613556381,8608.199619708443,0,0,0,4368.775414972335,13594.809613556381,8608.199619708443,15985.589912939058,0,0,0,0,0,0,0,0,0,0,24.129827164474886,33.2018298911474,32.972226105644275,33.19284983198105,67.5248251771405,0,0,0,0,0,0,0,0,0,0,0,0,12.742252910370594,19326.644890340645,14268.575812665744,15465.290055709376,11770.272524100204,0,0,0,0,0,0,0,0,0,0,0,0,12.742252910370594,31919.072061862542,24278.582984472207,26017.513426960668,28658.294139230795,0.27088962273610034,0.3729243803996767,0,12.605826277953213,11.419850893163385,10.698201954964077,0.8305814070470205,9.472701819770023,8.951415180836918,7.695900190200149,1.1975049201262777,8.939404039513391,10.035525459909053,8.629949628001569,2.231562093473201,10.20598626776841,9.435095151447598,8.629949628001569,1.264218286017126,1.0974348711929167,0.9306514559803816,0.9640081390228943,1.0974348711929167
1617074544.013,4368.775414972335,13594.809613556381,8608.199619708443,0,0,0,4368.775414972335,13594.809613556381,8608.199619708443,15985.589912939058,0,0,0,0,0,0,0,0,0,0,24.129827164474886,33.2018298911474,32.972226105644275,33.19284983198105,67.5248251771405,0,0,0,0,0,0,0,0,0,0,0,0,12.742252910370594,19326.644890340645,14268.575812665744,15465.290055709376,11770.272524100204,0,0,0,0,0,0,0,0,0,0,0,0,12.742252910370594,31919.072061862542,24278.582984472207,26017.513426960668,28658.294139230795,0.27088962273610034,0.3729243803996767,0,12.605826277953213,11.419850893163385,10.698201954964077,0.8305814070470205,9.472701819770023,8.951415180836918,7.695900190200149,1.1975049201262777,8.939404039513391,10.035525459909053,8.629949628001569,2.231562093473201,10.20598626776841,9.435095151447598,8.629949628001569,1.264218286017126,1.0974348711929167,0.9306514559803816,0.9640081390228943,1.0974348711929167
1617074549.013,13663.353125625457,13594.809613556381,8608.199619708443,0,0,0,13663.353125625457,13594.809613556381,8608.199619708443,15985.589912939058,0,0,0,0,0,0,0,0,0,0,23.82266832253515,33.2018298911474,32.972226105644275,33.19284983198105,67.5248251771405,0,0,0,0,0,0,0,0,0,0,0,0,12.742252910370594,23208.552938821802,14268.575812665744,15465.290055709376,11770.272524100204,0,0,0,0,0,0,0,0,0,0,0,0,12.742252910370594,38444.42591233571,24278.582984472207,26017.513426960668,28658.294139230795,0.27088962273610034,0.3729243803996767,0,12.502501834740897,11.419850893163385,10.698201954964077,0.8305814070470205,9.733804790187236,8.951415180836918,7.695900190200149,1.1975049201262777,8.999933284509538,10.035525459909053,8.629949628001569,2.231562093473201,9.466942424397999,9.435095151447598,8.629949628001569,1.264218286017126,1.0974348711929167,0.9306514559803816,0.9640081390228943,1.0974348711929167
1617074554.013,13663.353125625457,13594.809613556381,8608.199619708443,0,0,0,13663.353125625457,13594.809613556381,8608.199619708443,15985.589912939058,0,0,0,0,0,0,0,0,0,0,23.82266832253515,33.2018298911474,32.972226105644275,33.19284983198105,67.5248251771405,0,0,0,0,0,0,0,0,0,0,0,0,12.742252910370594,23208.552938821802,14268.575812665744,15465.290055709376,11770.272524100204,0,0,0,0,0,0,0,0,0,0,0,0,12.742252910370594,38444.42591233571,24278.582984472207,26017.513426960668,28658.294139230795,0.27088962273610034,0.3729243803996767,0,12.502501834740897,11.419850893163385,10.698201954964077,0.8305814070470205,9.733804790187236,8.951415180836918,7.695900190200149,1.1975049201262777,8.999933284509538,10.035525459909053,8.629949628001569,2.231562093473201,9.466942424397999,9.435095151447598,8.629949628001569,1.264218286017126,1.0974348711929167,0.9306514559803816,0.9640081390228943,1.0974348711929167
1617074559.013,13663.353125625457,13594.809613556381,8608.199619708443,0,0,0,13663.353125625457,13594.809613556381,8608.199619708443,15985.589912939058,0,0,0,0,0,0,0,0,0,0,23.82266832253515,33.2018298911474,32.972226105644275,33.04978116208088,67.5248251771405,0,0,0,0,0,0,0,0,0,0,0,0,12.742252910370594,23208.552938821802,14268.575812665744,15465.290055709376,11770.272524100204,0,0,0,0,0,0,0,0,0,0,0,0,12.742252910370594,38444.42591233571,24278.582984472207,26017.513426960668,28658.294139230795,0.27088962273610034,0.3729243803996767,0,12.502501834740897,11.419850893163385,10.698201954964077,0.8305814070470205,9.733804790187236,8.951415180836918,7.695900190200149,1.1975049201262777,8.999933284509538,10.035525459909053,8.629949628001569,2.231562093473201,9.466942424397999,9.435095151447598,8.629949628001569,1.264218286017126,1.0974348711929167,0.9306514559803816,0.9640081390228943,1.0974348711929167
1617074564.013,13663.353125625457,13594.809613556381,8608.199619708443,0,0,0,13663.353125625457,13594.809613556381,8608.199619708443,9428.342674139312,0,0,0,0,0,0,0,0,0,0,23.82266832253515,33.2018298911474,32.972226105644275,33.04978116208088,67.53500319933252,0,0,0,0,0,0,0,0,0,0,0,0,0,23208.552938821802,14268.575812665744,15465.290055709376,31840.20549773152,0,0,0,0,0,0,0,0,0,0,0,0,0,38444.42591233571,24278.582984472207,26017.513426960668,28339.638377368563,0.43865092073654005,0.08997197758170544,0,12.502501834740897,11.419850893163385,10.698201954964077,2.255137443132611,9.733804790187236,8.951415180836918,7.695900190200149,2.5220176141844775,8.999933284509538,10.035525459909053,8.629949628001569,3.0557779557056506,9.466942424397999,9.435095151447598,8.629949628001569,1.5545769948981984,1.7213771016114379,1.7547371229929212,1.35441686680349,1.4211369093722794
1617074569.013,13663.353125625457,10424.776230375475,8608.199619708443,0,0,0,13663.353125625457,10424.776230375475,8608.199619708443,9428.342674139312,0,0,0,0,0,0,0,0,0,0,23.82266832253515,32.99773763736684,32.972226105644275,33.04978116208088,67.53500319933252,0,0,0,0,0,0,0,0,0,0,0,0,0,23208.552938821802,17210.319616422166,15465.290055709376,31840.20549773152,0,0,0,0,0,0,0,0,0,0,0,0,0,38444.42591233571,29296.357726367165,26017.513426960668,28339.638377368563,0.43865092073654005,0.08997197758170544,0,12.502501834740897,11.960117056072491,10.698201954964077,2.255137443132611,9.733804790187236,8.595231967403734,7.695900190200149,2.5220176141844775,8.999933284509538,8.919328548153743,8.629949628001569,3.0557779557056506,9.466942424397999,8.461780434127618,8.629949628001569,1.5545769948981984,1.7213771016114379,1.7547371229929212,1.35441686680349,1.4211369093722794
1617074574.013,13663.353125625457,10424.776230375475,9836.695485110471,0,0,0,13663.353125625457,10424.776230375475,9836.695485110471,9428.342674139312,0,0,0,0,0,0,0,0,0,0,23.82266832253515,32.99773763736684,32.9697769985989,33.04978116208088,67.53500319933252,0,0,0,0,0,0,0,0,0,0,0,0,0,23208.552938821802,17210.319616422166,16925.35222542427,31840.20549773152,0,0,0,0,0,0,0,0,0,0,0,0,0,38444.42591233571,29296.357726367165,29019.59921016117,28339.638377368563,0.43865092073654005,0.08997197758170544,0,12.502501834740897,11.960117056072491,11.103105987825998,2.255137443132611,9.733804790187236,8.595231967403734,8.86167146974374,2.5220176141844775,8.999933284509538,8.919328548153743,8.928380830463354,3.0557779557056506,9.466942424397999,8.461780434127618,7.420749279597928,1.5545769948981984,1.7213771016114379,1.7547371229929212,1.35441686680349,1.4211369093722794
1617074579.013,10384.841206298372,10424.776230375475,9836.695485110471,0,0,0,10384.841206298372,10424.776230375475,9836.695485110471,9428.342674139312,0,0,0,0,0,0,0,0,0,0,23.806238896105818,32.99773763736684,32.9697769985989,33.04978116208088,67.53500319933252,0,0,0,0,0,0,0,0,0,0,0,0,0,13555.144115292234,17210.319616422166,16925.35222542427,31840.20549773152,0,0,0,0,0,0,0,0,0,0,0,0,0,23051.841473178545,29296.357726367165,29019.59921016117,28339.638377368563,0.43865092073654005,0.08997197758170544,0,9.727782225788388,11.960117056072491,11.103105987825998,2.255137443132611,7.726180944841246,8.595231967403734,8.86167146974374,2.5220176141844775,5.591139578173994,8.919328548153743,8.928380830463354,3.0557779557056506,7.592740859315299,8.461780434127618,7.420749279597928,1.5545769948981984,1.7213771016114379,1.7547371229929212,1.35441686680349,1.4211369093722794
1617074584.013,10384.841206298372,10424.776230375475,9836.695485110471,0,0,0,10384.841206298372,10424.776230375475,9836.695485110471,9428.342674139312,0,0,0,0,0,0,0,0,0,0,23.806238896105818,32.99773763736684,32.9697769985989,33.04978116208088,67.53500319933252,0,0,0,0,0,0,0,0,0,0,0,0,0,13555.144115292234,17210.319616422166,16925.35222542427,31840.20549773152,0,0,0,0,0,0,0,0,0,0,0,0,0,23051.841473178545,29296.357726367165,29019.59921016117,28339.638377368563,0.43865092073654005,0.08997197758170544,0,9.727782225788388,11.960117056072491,11.103105987825998,2.255137443132611,7.726180944841246,8.595231967403734,8.86167146974374,2.5220176141844775,5.591139578173994,8.919328548153743,8.928380830463354,3.0557779557056506,7.592740859315299,8.461780434127618,7.420749279597928,1.5545769948981984,1.7213771016114379,1.7547371229929212,1.35441686680349,1.4211369093722794
